City_ID,City,Country,Date,Lat,Lng,Max Temp,Humidity,Cloudiness,Wind Speed
0,Bluff,NZ,2022-07-16 19:18:17,-46.6,168.3333,44.8,78,100,15.19
1,Kokstad,ZA,2022-07-16 19:20:20,-30.5472,29.4241,50.5,46,0,4.21
2,Luderitz,,2022-07-16 19:20:20,-26.6481,15.1594,68.04,38,0,2.01
3,Tsibanobalka,RU,2022-07-16 19:20:21,44.9803,37.3438,71.56,83,0,2.24
4,Avera,US,2022-07-16 19:20:08,33.194,-82.5271,90.55,46,38,3.6
5,Narsaq,GL,2022-07-16 19:20:21,60.9167,-46.05,52.02,79,100,5.08
6,Toropets,RU,2022-07-16 19:20:22,56.4978,31.6353,53.42,79,100,3.67
7,Dunmore Town,BS,2022-07-16 19:20:22,25.5,-76.65,82.83,78,99,15.26
8,Ancud,CL,2022-07-16 19:20:22,-41.8697,-73.8203,42.22,83,100,19.82
9,Port Alfred,ZA,2022-07-16 19:18:14,-33.5906,26.891,67.3,53,0,8.3
10,Kapaa,US,2022-07-16 19:20:23,22.0752,-159.319,80.58,82,100,14.97
11,Maryborough,AU,2022-07-16 19:18:07,-25.5333,152.7,57.45,69,99,2.64
12,Nome,US,2022-07-16 19:20:23,64.5011,-165.4064,58.15,62,0,8.05
13,Barrow,US,2022-07-16 19:20:24,71.2906,-156.7887,37.42,87,100,9.22
14,Hilo,US,2022-07-16 19:20:24,19.7297,-155.09,83.28,94,100,5.75
15,Penzance,GB,2022-07-16 19:20:24,50.1186,-5.5371,68.68,67,100,11.65
16,Atuona,PF,2022-07-16 19:20:25,-9.8,-139.0333,77.38,74,74,16.04
17,Vaini,TO,2022-07-16 19:20:25,-21.2,-175.2,73.56,94,40,3.44
18,Cherskiy,RU,2022-07-16 19:20:26,68.75,161.3,43.41,70,10,7.65
19,San Quintin,MX,2022-07-16 19:20:26,30.4833,-115.95,73.94,68,1,11.74
20,Ponta Do Sol,PT,2022-07-16 19:20:27,32.6667,-17.1,75.0,79,35,8.19
21,Punta Arenas,CL,2022-07-16 19:15:47,-53.15,-70.9167,35.71,80,40,8.05
22,Rikitea,PF,2022-07-16 19:17:46,-23.1203,-134.9692,73.33,75,100,17.07
23,Sibolga,ID,2022-07-16 19:20:27,1.7427,98.7792,76.21,80,90,3.87
24,East London,ZA,2022-07-16 19:15:43,-33.0153,27.9116,66.16,51,0,8.99
25,Khatanga,RU,2022-07-16 19:19:20,71.9667,102.5,54.61,67,13,5.66
26,Yar-Sale,RU,2022-07-16 19:20:28,66.8333,70.8333,53.89,64,1,7.94
27,Puerto Asis,CO,2022-07-16 19:20:28,0.5133,-76.5007,85.98,61,93,0.38
28,Beloha,MG,2022-07-16 19:20:29,-25.1667,45.05,65.73,81,5,16.13
29,Geraldton,AU,2022-07-16 19:20:29,-28.7667,114.6,55.81,88,100,5.75
30,Carnarvon,AU,2022-07-16 19:20:29,-24.8667,113.6333,68.0,50,100,8.7
31,Porto Novo,BJ,2022-07-16 19:20:30,6.4965,2.6036,75.79,86,73,9.13
32,Ribeira Grande,PT,2022-07-16 19:20:30,38.5167,-28.7,75.6,78,20,11.5
33,Lokosovo,RU,2022-07-16 19:20:31,61.1333,74.8167,53.73,78,5,6.24
34,Tiksi,RU,2022-07-16 19:20:31,71.6872,128.8694,38.57,95,51,11.63
35,Sompeta,IN,2022-07-16 19:20:31,18.9333,84.6,80.1,89,100,8.72
36,Karatau,KZ,2022-07-16 19:20:32,43.1667,70.4667,77.32,20,0,3.2
37,Tiarei,PF,2022-07-16 19:20:32,-17.5333,-149.3333,77.02,57,53,22.62
38,Albany,US,2022-07-16 19:20:19,42.6001,-73.9662,86.23,48,100,4.0
39,Cap-Aux-Meules,CA,2022-07-16 19:20:33,47.3821,-61.8597,71.65,60,75,11.5
40,Lubango,AO,2022-07-16 19:20:33,-14.9172,13.4925,57.24,36,0,3.24
41,Asau,RO,2022-07-16 19:20:33,46.4333,26.4,72.52,49,0,6.55
42,Almaznyy,RU,2022-07-16 19:20:34,48.0448,40.045,71.33,57,100,10.04
43,Okhotsk,RU,2022-07-16 19:21:34,59.3833,143.3,56.55,92,87,2.66
44,Lebu,CL,2022-07-16 19:21:35,-37.6167,-73.65,49.08,71,100,14.18
45,Ushuaia,AR,2022-07-16 19:17:24,-54.8,-68.3,40.66,65,20,9.22
46,Saskylakh,RU,2022-07-16 19:21:35,71.9167,114.0833,49.1,74,41,7.45
47,Bathsheba,BB,2022-07-16 19:21:35,13.2167,-59.5167,79.05,96,75,20.71
48,Namatanai,PG,2022-07-16 19:21:36,-3.6667,152.4333,78.13,83,89,7.29
49,Sambava,MG,2022-07-16 19:21:36,-14.2667,50.1667,69.24,83,10,14.16
50,Hermanus,ZA,2022-07-16 19:21:37,-34.4187,19.2345,62.4,58,100,4.7
51,Bethel,US,2022-07-16 19:21:37,41.3712,-73.414,81.64,70,0,8.05
52,Prenzlau,DE,2022-07-16 19:21:37,53.3167,13.8667,64.22,57,0,13.85
53,Hays,US,2022-07-16 19:21:37,30.0502,-98.0336,96.8,47,54,5.01
54,Hobart,AU,2022-07-16 19:21:38,-42.8794,147.3294,50.25,80,40,6.91
55,Ucluelet,CA,2022-07-16 19:21:38,48.9329,-125.5528,61.11,93,100,1.99
56,Hambantota,LK,2022-07-16 19:21:39,6.1241,81.1185,79.65,79,100,16.33
57,Avarua,CK,2022-07-16 19:21:39,-21.2078,-159.775,75.25,73,40,11.5
58,Katsuura,JP,2022-07-16 19:21:40,35.1333,140.3,74.34,93,100,19.22
59,Mataura,NZ,2022-07-16 19:18:12,-46.1927,168.8643,44.47,80,100,4.94
60,Acapulco,MX,2022-07-16 19:21:40,16.8634,-99.8901,85.82,70,75,10.36
61,Upernavik,GL,2022-07-16 19:18:10,72.7868,-56.1549,47.5,66,100,6.82
62,Vanimo,PG,2022-07-16 19:21:41,-2.6741,141.3028,76.66,94,100,7.23
63,Chuy,UY,2022-07-16 19:18:25,-33.6971,-53.4616,50.74,92,100,12.84
64,Cap Malheureux,MU,2022-07-16 19:21:41,-19.9842,57.6142,70.47,68,1,5.01
65,Mashhad,IR,2022-07-16 19:21:41,36.297,59.6062,80.74,29,0,4.61
66,Port Blair,IN,2022-07-16 19:21:42,11.6667,92.75,80.6,81,100,9.69
67,Clyde River,CA,2022-07-16 19:21:42,70.4692,-68.5914,50.23,62,20,17.27
68,Padang,ID,2022-07-16 19:21:42,-0.9492,100.3543,76.71,83,99,3.6
69,Kifri,IQ,2022-07-16 19:21:43,34.6959,44.9661,99.82,13,0,17.09
70,Oliveira Dos Brejinhos,BR,2022-07-16 19:21:43,-12.3169,-42.8961,88.29,23,0,4.59
71,Busselton,AU,2022-07-16 19:21:44,-33.65,115.3333,57.27,75,90,7.9
72,Airai,TL,2022-07-16 19:21:44,-8.9266,125.4092,55.04,91,55,3.89
73,Khani,GE,2022-07-16 19:21:44,41.9563,42.9566,60.37,98,100,2.75
74,Pisco,PE,2022-07-16 19:21:45,-13.7,-76.2167,65.01,68,1,13.8
75,Shimoda,JP,2022-07-16 19:21:45,34.6667,138.95,70.11,94,100,5.1
76,Yumen,CN,2022-07-16 19:21:46,40.2833,97.2,72.73,32,97,3.76
77,Batagay,RU,2022-07-16 19:21:46,67.6333,134.6333,52.97,80,100,4.79
78,Mar Del Plata,AR,2022-07-16 19:21:46,-38.0023,-57.5575,49.08,78,100,14.97
79,Severo-Kurilsk,RU,2022-07-16 19:21:47,50.6789,156.125,52.97,95,100,5.68
80,Mayo,US,2022-07-16 19:21:47,38.8876,-76.5119,90.03,75,0,9.22
81,Tambun,ID,2022-07-16 19:21:48,-6.2641,107.0712,77.04,88,97,4.88
82,Faya,SA,2022-07-16 19:21:48,18.3851,42.4509,68.52,43,70,5.39
83,Hirara,JP,2022-07-16 19:21:48,24.8,125.2833,84.65,87,100,14.36
84,Chengde,CN,2022-07-16 19:21:49,40.9725,117.9361,68.81,95,100,1.41
85,Povenets,RU,2022-07-16 19:21:49,62.8487,34.8262,59.34,65,87,8.84
86,San Patricio,US,2022-07-16 19:18:26,28.017,-97.5169,95.18,38,10,17.09
87,Zabol,AF,2022-07-16 19:19:00,32.25,67.25,77.7,45,69,5.82
88,Longyearbyen,SJ,2022-07-16 19:21:50,78.2186,15.6401,57.04,58,0,20.71
89,Jiuquan,CN,2022-07-16 19:22:50,39.7432,98.5174,70.36,28,100,1.07
90,Kavieng,PG,2022-07-16 19:22:51,-2.5744,150.7967,81.45,78,13,12.15
91,Hithadhoo,MV,2022-07-16 19:22:51,-0.6,73.0833,83.3,77,14,15.03
92,Moba,CN,2022-07-16 19:22:51,33.2288,105.0179,65.16,68,100,5.12
93,Roma,US,2022-07-16 19:21:20,43.2128,-75.4557,85.82,51,40,3.44
94,Tura,IN,2022-07-16 19:22:52,25.5198,90.2201,77.04,86,15,3.76
95,Batagay-Alyta,RU,2022-07-16 19:22:52,67.8006,130.4114,47.05,88,100,3.96
96,Halifax,CA,2022-07-16 19:20:49,44.6453,-63.5724,80.49,54,100,5.01
97,Dikson,RU,2022-07-16 19:19:30,73.5069,80.5464,47.88,68,40,7.63
98,Abonnema,NG,2022-07-16 19:22:53,4.7084,6.7931,75.96,80,39,8.88
99,Haines Junction,CA,2022-07-16 19:22:53,60.7522,-137.5108,51.69,80,100,5.95
100,Ola,RU,2022-07-16 19:22:54,59.5833,151.2833,55.15,97,100,4.52
101,Kaitangata,NZ,2022-07-16 19:18:13,-46.2817,169.8464,37.89,72,100,7.58
102,Saint George,US,2022-07-16 19:19:38,37.1041,-113.5841,105.8,19,0,5.01
103,Kutum,SD,2022-07-16 19:22:54,14.2,24.6667,82.02,42,100,8.57
104,Denholm,CA,2022-07-16 19:22:54,52.6501,-108.018,87.44,38,0,9.17
105,Sorland,NO,2022-07-16 19:22:55,67.667,12.6934,51.66,83,99,12.8
106,Faanui,PF,2022-07-16 19:22:55,-16.4833,-151.75,76.68,69,89,24.96
107,Cartagena Del Chaira,CO,2022-07-16 19:22:56,1.3349,-74.8429,88.57,49,77,4.92
108,Berlevag,NO,2022-07-16 19:22:56,70.8578,29.0864,51.8,100,100,21.85
109,Broome,US,2022-07-16 19:22:56,42.2506,-75.833,86.63,46,0,3.44
110,Castro,BR,2022-07-16 19:18:28,-24.7911,-50.0119,74.59,51,13,14.94
111,Norman Wells,CA,2022-07-16 19:22:57,65.282,-126.8329,64.44,59,75,21.85
112,Cape Town,ZA,2022-07-16 19:18:03,-33.9258,18.4232,69.39,52,0,8.05
113,Pingliang,CN,2022-07-16 19:22:57,35.5392,106.6861,66.99,56,99,7.36
114,Olafsvik,IS,2022-07-16 19:20:56,64.8945,-23.7142,50.49,92,100,1.99
115,Brae,GB,2022-07-16 19:22:58,60.3964,-1.353,53.58,93,100,18.3
116,Furano,JP,2022-07-16 19:22:58,43.2818,142.4743,58.93,98,100,4.63
117,Baracoa,CU,2022-07-16 19:22:58,20.3467,-74.4958,86.41,66,100,10.16
118,Viedma,AR,2022-07-16 19:22:59,-40.8135,-62.9967,46.53,46,6,15.57
119,Ilhabela,BR,2022-07-16 19:22:59,-23.7781,-45.3581,79.39,58,100,4.12
120,Leningradskiy,RU,2022-07-16 19:23:00,69.3833,178.4167,35.37,91,100,4.09
121,Indiana,US,2022-07-16 19:20:42,40.0003,-86.2503,89.78,58,75,10.36
122,Lavrentiya,RU,2022-07-16 19:23:00,65.5833,-171.0,47.35,67,94,5.91
123,Santa Barbara,US,2022-07-16 19:22:17,34.7333,-120.0343,99.34,36,0,5.75
124,Boras,SE,2022-07-16 19:23:00,57.721,12.9401,61.83,56,9,5.99
125,Nikolskoye,RU,2022-07-16 19:18:15,59.7035,30.7861,57.09,90,40,4.83
126,Praia Da Vitoria,PT,2022-07-16 19:23:01,38.7333,-27.0667,74.75,78,75,12.82
127,Te Anau,NZ,2022-07-16 19:23:01,-45.4167,167.7167,41.41,96,100,6.98
128,Esperance,AU,2022-07-16 19:23:02,-33.8667,121.9,55.08,74,49,2.75
129,Brigantine,US,2022-07-16 19:23:02,39.4101,-74.3646,86.04,69,20,10.36
130,Zanjan,IR,2022-07-16 19:23:03,36.6736,48.4787,72.7,50,0,8.08
131,Waterloo,CA,2022-07-16 19:22:12,43.4668,-80.5164,85.01,28,0,5.75
132,Kodiak,US,2022-07-16 19:23:03,57.79,-152.4072,56.71,88,100,6.91
133,Salalah,OM,2022-07-16 19:23:03,17.0151,54.0924,78.8,90,100,4.68
134,Yaan,NG,2022-07-16 19:23:04,7.3833,8.5667,72.95,94,100,6.64
135,Kurumkan,RU,2022-07-16 19:23:04,54.3,110.3,54.68,92,36,3.96
136,Nosy Varika,MG,2022-07-16 19:24:05,-20.5833,48.5333,69.17,83,96,8.03
137,Ngorongoro,TZ,2022-07-16 19:24:05,-3.2397,35.4875,51.44,70,57,5.75
138,Tuktoyaktuk,CA,2022-07-16 19:24:05,69.4541,-133.0374,59.0,58,75,11.5
139,New Norfolk,AU,2022-07-16 19:21:49,-42.7826,147.0587,49.91,85,100,1.01
140,Kalininsk,RU,2022-07-16 19:24:06,51.5,44.4758,67.46,76,100,5.32
141,Atar,MR,2022-07-16 19:24:06,20.5169,-13.0499,110.44,6,95,19.3
142,Lorengau,PG,2022-07-16 19:24:07,-2.0226,147.2712,81.41,79,18,10.54
143,Ayr,GB,2022-07-16 19:24:07,55.4627,-4.6339,64.38,77,20,1.14
144,Rathdrum,US,2022-07-16 19:24:08,47.8137,-116.892,85.23,36,0,1.99
145,Hobyo,SO,2022-07-16 19:24:08,5.3505,48.5268,78.26,68,94,31.03
146,Oruro,BO,2022-07-16 19:24:08,-17.9833,-67.15,55.89,19,43,4.61
147,Saint-Pierre,RE,2022-07-16 19:24:09,-21.3393,55.4781,67.68,79,20,11.5
148,Puerto Ayora,EC,2022-07-16 19:23:34,-0.7393,-90.3518,75.16,87,37,8.01
149,Mangai,CD,2022-07-16 19:24:09,-4.05,19.5333,78.4,44,6,1.63
150,Jamestown,US,2022-07-16 19:24:10,42.097,-79.2353,82.94,36,0,6.91
151,Bilma,NE,2022-07-16 19:24:10,18.6853,12.9164,93.02,34,0,9.4
152,San Andres,CO,2022-07-16 19:22:36,12.5847,-81.7006,86.02,70,20,13.8
153,Klaksvik,FO,2022-07-16 19:24:11,62.2266,-6.589,52.72,91,100,13.96
154,Rocha,UY,2022-07-16 19:19:26,-34.4833,-54.3333,48.94,91,100,19.82
155,Taperoa,BR,2022-07-16 19:24:11,-7.2075,-36.8267,79.23,58,83,16.17
156,Corinto,GR,2022-07-16 19:21:51,37.9407,22.9573,82.89,39,0,1.12
157,Acarau,BR,2022-07-16 19:24:12,-2.8856,-40.12,84.15,66,20,17.2
158,Yangjiang,CN,2022-07-16 19:24:12,21.85,111.9667,81.7,90,100,8.34
159,Quelimane,MZ,2022-07-16 19:24:13,-17.8786,36.8883,67.95,88,75,10.36
160,Saint-Georges,GD,2022-07-16 19:24:13,12.0564,-61.7485,80.28,83,75,13.8
161,Udachnyy,RU,2022-07-16 19:24:13,66.4167,112.4,52.45,100,100,15.21
162,Iguape,BR,2022-07-16 19:24:14,-24.7081,-47.5553,84.9,43,100,6.64
163,Noumea,NC,2022-07-16 19:24:14,-22.2763,166.4572,64.38,67,25,13.42
164,Pointe Michel,DM,2022-07-16 19:22:40,15.25,-61.3833,84.49,78,20,5.75
165,Taltal,CL,2022-07-16 19:20:20,-25.4,-70.4833,61.66,46,0,6.44
166,Ningxiang,CN,2022-07-16 19:24:15,37.34,111.2052,63.86,78,69,2.08
167,Ahuimanu,US,2022-07-16 19:24:15,21.4447,-157.8378,82.11,68,75,13.8
168,Gorontalo,ID,2022-07-16 19:24:15,0.5412,123.0595,74.48,93,100,1.74
169,General Pico,AR,2022-07-16 19:24:16,-35.6566,-63.7568,53.91,33,2,14.25
170,Codrington,AU,2022-07-16 19:24:16,-38.2667,141.9667,51.85,93,100,14.09
171,Ahipara,NZ,2022-07-16 19:24:16,-35.1667,173.1667,50.65,77,8,7.29
172,Los Llanos De Aridane,ES,2022-07-16 19:23:08,28.6585,-17.9182,70.12,86,40,14.97
173,Huarmey,PE,2022-07-16 19:24:17,-10.0681,-78.1522,66.99,71,5,14.41
174,Jasper,US,2022-07-16 19:24:17,37.2001,-94.3502,96.46,42,0,11.5
175,Bredasdorp,ZA,2022-07-16 19:23:24,-34.5322,20.0403,62.19,42,100,5.59
176,Requena,ES,2022-07-16 19:24:18,39.4883,-1.1004,78.51,28,0,7.72
177,Saint-Philippe,RE,2022-07-16 19:19:19,-21.3585,55.7679,67.59,76,29,13.24
178,Kamenka,RU,2022-07-16 19:24:18,51.3223,42.7678,68.29,75,100,6.89
179,Masaba,PH,2022-07-16 19:24:19,10.5333,123.9667,77.0,86,100,4.32
180,Cidreira,BR,2022-07-16 19:24:19,-30.1811,-50.2056,67.3,87,71,6.49
181,Kloulklubed,PW,2022-07-16 19:24:14,7.0419,134.2556,73.9,74,100,7.81
182,Tuatapere,NZ,2022-07-16 19:23:11,-46.1333,167.6833,42.42,87,100,7.36
183,Mezen,RU,2022-07-16 19:25:20,65.8522,44.24,59.85,85,0,8.25
184,Storsteinnes,NO,2022-07-16 19:25:21,69.2408,19.2344,50.65,98,100,4.56
185,Novikovo,RU,2022-07-16 19:25:21,51.1537,37.8879,63.79,69,34,6.6
186,Sibu,MY,2022-07-16 19:24:14,2.3,111.8167,71.91,88,40,6.91
187,Saldanha,ZA,2022-07-16 19:25:22,-33.0117,17.9442,59.05,51,50,5.41
188,Suoyarvi,RU,2022-07-16 19:25:23,62.0833,32.35,53.71,78,9,7.25
189,Faridpur,BD,2022-07-16 19:25:24,23.6,89.8333,82.49,83,13,9.84
190,Kahului,US,2022-07-16 19:25:24,20.8947,-156.47,82.98,80,20,23.02
191,Necochea,AR,2022-07-16 19:25:02,-38.5473,-58.7368,47.75,69,100,22.62
192,Chokurdakh,RU,2022-07-16 19:24:08,70.6333,147.9167,46.18,77,100,14.74
193,Yulara,AU,2022-07-16 19:25:25,-25.2406,130.9889,50.61,22,98,5.44
194,Joshimath,IN,2022-07-16 19:25:25,30.5667,79.5667,70.65,86,62,0.85
195,Sabha,LY,2022-07-16 19:25:26,27.0377,14.4283,86.61,18,0,8.34
196,Lompoc,US,2022-07-16 19:20:40,34.6391,-120.4579,95.68,65,0,12.66
197,Talakan,RU,2022-07-16 19:25:26,50.3167,130.3667,65.71,94,92,2.75
198,Iqaluit,CA,2022-07-16 19:23:16,63.7506,-68.5145,62.33,51,75,20.71
199,Butaritari,KI,2022-07-16 19:25:27,3.0707,172.7902,80.56,78,100,16.11
200,Lithakia,GR,2022-07-16 19:25:27,37.7167,20.8333,83.48,39,0,3.44
201,Wagar,SD,2022-07-16 19:25:28,16.1525,36.2032,91.89,35,18,9.44
202,Sao Jose Da Coroa Grande,BR,2022-07-16 19:25:28,-8.8978,-35.1478,76.26,85,77,14.03
203,Torbay,CA,2022-07-16 19:24:26,47.6666,-52.7314,75.97,43,40,17.27
204,Qaanaaq,GL,2022-07-16 19:25:28,77.484,-69.3632,52.27,63,12,4.14
205,Hay River,CA,2022-07-16 19:22:10,60.8156,-115.7999,61.66,65,100,4.21
206,Kisangani,CD,2022-07-16 19:25:29,0.5167,25.2,70.09,94,100,3.4
207,Yellowknife,CA,2022-07-16 19:25:29,62.456,-114.3525,69.57,64,75,6.91
208,Brokopondo,SR,2022-07-16 19:25:30,4.75,-55.1667,86.18,58,55,1.68
209,Karratha,AU,2022-07-16 19:24:39,-20.7377,116.8463,65.01,56,2,5.3
210,Bolton,GB,2022-07-16 19:25:30,53.5833,-2.4333,73.06,65,100,7.0
211,Novoomskiy,RU,2022-07-16 19:25:31,54.8415,73.3017,66.22,63,40,4.47
212,Northam,GB,2022-07-16 19:25:31,51.0333,-4.2167,73.26,59,100,4.09
213,Laguna,US,2022-07-16 19:20:36,38.421,-121.4238,101.08,39,0,3.0
214,Pangnirtung,CA,2022-07-16 19:25:31,66.1451,-65.7125,50.0,81,40,17.27
215,Cooma,AU,2022-07-16 19:25:32,-36.2333,149.1333,43.34,55,0,17.54
216,Talcahuano,CL,2022-07-16 19:25:32,-36.7167,-73.1167,53.28,66,40,8.05
217,Cameron Park,US,2022-07-16 19:25:32,38.6688,-120.9872,104.47,23,0,5.01
218,Kavaratti,IN,2022-07-16 19:25:33,10.5669,72.642,81.82,80,100,14.54
219,Provideniya,RU,2022-07-16 19:20:41,64.3833,-173.3,51.24,55,100,4.41
220,Binghamton,US,2022-07-16 19:20:54,42.0987,-75.918,87.01,44,0,5.99
221,Nisia Floresta,BR,2022-07-16 19:25:33,-6.0911,-35.2086,80.98,86,42,13.31
222,Mpika,ZM,2022-07-16 19:25:34,-11.8343,31.4529,55.22,56,39,4.18
223,Buchanan,LR,2022-07-16 19:25:35,5.8808,-10.0467,76.73,84,96,11.43
224,Tabas,IR,2022-07-16 19:25:35,33.5959,56.9244,91.0,8,0,16.6
225,Vilcun,CL,2022-07-16 19:25:36,-38.65,-72.2333,43.54,79,100,8.28
226,Senigallia,IT,2022-07-16 19:25:36,43.7093,13.2167,83.68,73,13,3.44
227,Coihaique,CL,2022-07-16 19:26:37,-45.5752,-72.0662,39.15,70,75,4.61
228,Voh,NC,2022-07-16 19:26:37,-20.9667,164.7,60.13,76,3,5.97
229,Georgetown,MY,2022-07-16 19:22:04,5.4112,100.3354,82.89,89,20,2.3
230,Colesberg,ZA,2022-07-16 19:26:38,-30.72,25.0972,53.89,37,0,4.83
231,Krasnoyarskiy,RU,2022-07-16 19:26:38,51.965,59.8967,65.14,78,0,9.06
232,Aksarka,RU,2022-07-16 19:25:50,66.5606,67.7975,53.67,66,9,7.25
233,Wewak,PG,2022-07-16 19:26:39,-3.5534,143.6268,79.32,87,99,11.79
234,Fallon,US,2022-07-16 19:26:04,39.4735,-118.7774,98.92,18,20,4.61
235,Arraial Do Cabo,BR,2022-07-16 19:23:17,-22.9661,-42.0278,80.56,69,0,12.66
236,Mahebourg,MU,2022-07-16 19:26:39,-20.4081,57.7,71.89,73,75,11.5
237,Brandon,US,2022-07-16 19:24:57,27.9378,-82.2859,94.19,68,100,5.01
238,Cockburn Town,TC,2022-07-16 19:26:40,21.4612,-71.1419,85.96,70,40,17.27
239,Pokosnoye,RU,2022-07-16 19:26:40,55.5258,101.0536,48.69,91,14,2.68
240,Kenitra,MA,2022-07-16 19:26:40,34.261,-6.5802,75.96,80,0,10.29
241,Busteni,RO,2022-07-16 19:26:41,45.4,25.5333,60.71,59,0,2.86
242,Richards Bay,ZA,2022-07-16 19:26:41,-28.783,32.0377,62.38,84,0,6.6
243,Rurrenabaque,BO,2022-07-16 19:26:42,-14.4413,-67.5278,87.98,54,66,7.54
244,Vardo,NO,2022-07-16 19:26:42,70.3705,31.1107,51.78,100,100,20.71
245,Tasiilaq,GL,2022-07-16 19:23:28,65.6145,-37.6368,50.16,65,95,3.0
246,Grao Mogol,BR,2022-07-16 19:26:42,-16.5594,-42.8897,80.78,32,2,6.17
247,Panzhihua,CN,2022-07-16 19:26:43,26.5851,101.7128,77.63,72,100,1.86
248,Molteno,ZA,2022-07-16 19:26:43,-31.3968,26.3625,49.21,37,0,5.64
249,Pevek,RU,2022-07-16 19:23:06,69.7008,170.3133,34.5,94,100,3.67
250,Loubomo,CG,2022-07-16 19:26:44,-4.1997,12.6739,70.86,74,58,8.32
251,Dunedin,NZ,2022-07-16 19:26:44,-45.8742,170.5036,40.8,69,100,1.01
252,Saint Stephen,GB,2022-07-16 19:26:44,50.3333,-4.9,71.2,60,0,6.91
253,Nabire,ID,2022-07-16 19:26:45,-3.3667,135.4833,75.42,96,100,5.82
254,Itarema,BR,2022-07-16 19:26:45,-2.9248,-39.9167,83.55,67,12,16.75
255,Ixtapa,MX,2022-07-16 19:25:38,20.7,-105.2,86.23,66,75,6.91
256,Santa Cruz,BO,2022-07-16 19:26:46,-17.8,-63.1667,62.06,100,100,14.97
257,Beringovskiy,RU,2022-07-16 19:26:46,63.05,179.3167,53.26,72,15,6.85
258,Agropoli,IT,2022-07-16 19:24:49,40.3469,14.9966,79.09,86,0,1.03
259,Guerrero Negro,MX,2022-07-16 19:26:47,27.9769,-114.0611,71.67,68,100,12.1
260,Taunggyi,MM,2022-07-16 19:26:47,20.7833,97.0333,64.51,98,87,3.09
261,Nadym,RU,2022-07-16 19:26:47,65.5333,72.5167,59.02,54,10,8.99
262,Coahuayana,MX,2022-07-16 19:24:54,18.7333,-103.6833,90.7,53,97,6.2
263,Monte Alegre De Minas,BR,2022-07-16 19:26:48,-18.8706,-48.8808,85.46,23,67,7.7
264,Rio Verde De Mato Grosso,BR,2022-07-16 19:26:48,-18.9181,-54.8442,93.65,24,100,13.33
265,Ekhabi,RU,2022-07-16 19:26:49,53.5102,142.9671,51.22,94,94,13.8
266,Nanakuli,US,2022-07-16 19:26:49,21.3906,-158.1547,82.35,61,100,9.22
267,Sitka,US,2022-07-16 19:26:49,57.0531,-135.33,60.69,72,100,6.91
268,Verkhnevilyuysk,RU,2022-07-16 19:26:50,63.4453,120.3167,57.22,98,100,5.19
269,Manadhoo,MV,2022-07-16 19:26:50,5.7667,73.3833,81.91,79,14,6.73
270,Port Elizabeth,ZA,2022-07-16 19:26:50,-33.918,25.5701,59.29,63,75,4.61
271,Victoria,HK,2022-07-16 19:21:56,22.2855,114.1577,86.38,82,100,11.99
272,Pimentel,PE,2022-07-16 19:27:51,-6.8367,-79.9342,70.09,60,20,16.11
273,Sargur,IN,2022-07-16 19:27:51,11.9833,76.4167,68.68,92,100,7.74
274,Harrisonburg,US,2022-07-16 19:27:52,38.4496,-78.8689,84.69,63,100,0.0
275,Nanortalik,GL,2022-07-16 19:27:52,60.1432,-45.2371,43.9,79,58,4.52
276,Constitucion,CL,2022-07-16 19:23:08,-35.3333,-72.4167,50.68,70,100,6.04
277,Rio Bueno,CL,2022-07-16 19:27:53,-40.3167,-72.9667,44.74,85,100,6.51
278,Vestmanna,FO,2022-07-16 19:27:53,62.1564,-7.1664,50.92,93,100,8.05
279,Awbari,LY,2022-07-16 19:27:53,26.5921,12.7805,87.37,17,0,8.97
280,Touros,BR,2022-07-16 19:26:45,-5.1989,-35.4608,77.94,85,46,15.39
281,Rawson,AR,2022-07-16 19:27:54,-43.3002,-65.1023,43.36,53,11,7.96
282,Sao Gabriel Da Cachoeira,BR,2022-07-16 19:27:54,-0.1303,-67.0892,91.2,58,40,9.22
283,Casma,CL,2022-07-16 19:27:55,-41.0082,-73.1244,43.88,86,100,8.5
284,Thompson,CA,2022-07-16 19:23:43,55.7435,-97.8558,82.56,36,100,0.0
285,Oistins,BB,2022-07-16 19:27:55,13.0667,-59.5333,78.51,88,75,20.71
286,Torrijos,ES,2022-07-16 19:27:56,39.9819,-4.2835,100.13,12,0,11.39
287,Grindavik,IS,2022-07-16 19:27:56,63.8424,-22.4338,53.55,93,100,9.22
288,Opuwo,,2022-07-16 19:27:56,-18.0607,13.84,63.34,29,0,8.81
289,Puri,IN,2022-07-16 19:27:57,19.8,85.85,77.52,87,100,7.02
290,Kasongo-Lunda,CD,2022-07-16 19:27:57,-6.4667,16.8167,77.83,30,15,2.57
291,Souillac,MU,2022-07-16 19:27:58,-20.5167,57.5167,71.98,73,75,11.5
292,Solhan,TR,2022-07-16 19:27:58,38.9634,41.0293,71.47,31,0,1.72
293,Carutapera,BR,2022-07-16 19:27:58,-1.195,-46.02,84.02,70,100,6.82
294,Santa Ana,US,2022-07-16 19:24:13,33.7456,-117.8678,101.86,61,20,9.22
295,Constantine,DZ,2022-07-16 19:24:08,36.365,6.6147,82.51,34,0,6.15
296,Biltine,TD,2022-07-16 19:27:59,14.5333,20.9167,83.52,58,39,6.42
297,Bilibino,RU,2022-07-16 19:27:59,68.0546,166.4372,53.01,77,47,5.5
298,Hofn,IS,2022-07-16 19:28:00,64.2539,-15.2082,51.03,90,72,8.57
299,Bengkulu,ID,2022-07-16 19:28:00,-3.8004,102.2655,76.03,86,100,3.53
300,Mehamn,NO,2022-07-16 19:28:00,71.0357,27.8492,51.75,93,100,10.36
301,Oxelosund,SE,2022-07-16 19:28:01,58.6706,17.1015,57.58,67,0,3.44
302,Martapura,ID,2022-07-16 19:28:01,-3.4167,114.85,75.29,100,100,6.91
303,Ouesso,CG,2022-07-16 19:28:02,1.6136,16.0517,76.93,72,100,1.23
304,Talnakh,RU,2022-07-16 19:28:02,69.4865,88.3972,60.21,50,100,6.87
305,Minas,UY,2022-07-16 19:28:02,-34.3759,-55.2377,46.99,93,100,19.01
306,Shalinskoye,RU,2022-07-16 19:28:03,55.7228,93.7594,49.93,90,100,2.46
307,Omboue,GA,2022-07-16 19:23:58,-1.5746,9.2618,71.76,88,100,7.92
308,North Platte,US,2022-07-16 19:24:43,41.1239,-100.7654,94.12,44,0,5.99
309,Odweyne,SO,2022-07-16 19:28:03,9.4092,45.064,73.24,53,43,19.62
310,Shubarshi,KZ,2022-07-16 19:25:03,48.5872,57.1869,78.8,45,4,10.31
311,Tadine,NC,2022-07-16 19:28:04,-21.55,167.8833,67.19,63,0,18.41
312,Vila Velha,BR,2022-07-16 19:28:04,-20.3297,-40.2925,80.55,75,20,14.97
313,Baruun-Urt,MN,2022-07-16 19:28:05,46.6806,113.2792,58.21,81,87,10.71
314,Mandera,KE,2022-07-16 19:28:05,3.9366,41.867,83.32,49,98,19.64
315,Mogadishu,SO,2022-07-16 19:25:15,2.0371,45.3438,76.46,82,16,18.63
316,Boffa,GN,2022-07-16 19:28:06,10.1667,-14.0333,79.5,90,93,5.93
317,Skara,SE,2022-07-16 19:29:06,58.3866,13.4384,61.83,62,79,4.32
318,Rio Grande,BR,2022-07-16 19:24:42,-32.035,-52.0986,57.31,95,100,17.29
319,Fortuna,US,2022-07-16 19:29:07,40.5982,-124.1573,66.92,78,43,5.99
320,Okha,RU,2022-07-16 19:29:07,53.5739,142.9478,51.73,94,84,13.8
321,Katherine,AU,2022-07-16 19:29:07,-14.4667,132.2667,52.12,87,16,5.75
322,Vredendal,ZA,2022-07-16 19:29:08,-31.6683,18.5012,68.94,25,24,9.1
323,Barstow,US,2022-07-16 19:29:08,34.8986,-117.0228,105.15,16,0,3.62
324,Bima,ID,2022-07-16 19:29:09,-8.4667,118.7167,74.8,90,67,3.67
325,Kruisfontein,ZA,2022-07-16 19:29:09,-34.0033,24.7314,65.19,26,7,9.51
326,Sydney,AU,2022-07-16 19:26:49,-33.8679,151.2073,54.72,61,0,12.66
327,Aberdeen,GB,2022-07-16 19:29:09,57.1437,-2.0981,68.54,68,100,3.44
328,Aranda De Duero,ES,2022-07-16 19:29:10,41.6704,-3.6892,92.43,17,77,7.72
329,Walvis Bay,,2022-07-16 19:29:10,-22.9575,14.5053,76.15,20,0,4.61
330,The Valley,AI,2022-07-16 19:29:11,18.217,-63.0578,87.66,70,40,20.71
331,Wanning,CN,2022-07-16 19:29:11,18.8003,110.3967,81.55,89,100,11.14
332,Xuddur,SO,2022-07-16 19:25:19,4.1213,43.8894,74.37,68,6,21.5
333,Hovd,MN,2022-07-16 19:29:12,48.0056,91.6419,65.23,45,5,2.89
334,Kalynivka,UA,2022-07-16 19:29:12,49.4539,28.5261,62.17,70,100,3.53
335,Maldonado,UY,2022-07-16 19:29:13,-34.6667,-54.9167,47.59,90,100,19.3
336,Jennings,US,2022-07-16 19:29:13,38.7192,-90.2604,102.2,37,75,19.57
337,Sumbal,IN,2022-07-16 19:29:13,34.2333,74.6333,65.84,66,27,1.36
338,Dickinson,US,2022-07-16 19:29:14,29.4608,-95.0513,98.1,57,40,8.05
339,Puerto Madryn,AR,2022-07-16 19:25:58,-42.7692,-65.0385,44.35,47,11,6.17
340,Pochutla,MX,2022-07-16 19:29:14,15.7432,-96.4661,91.81,54,100,6.78
341,Peru,US,2022-07-16 19:29:15,40.7537,-86.0689,88.59,69,75,5.75
342,Roald,NO,2022-07-16 19:29:15,62.5833,6.1333,56.75,71,75,6.91
343,Aldan,RU,2022-07-16 19:29:15,58.6031,125.3894,64.74,74,47,5.86
344,Nichinan,JP,2022-07-16 19:29:16,31.6,131.3667,75.13,89,100,6.46
345,Miyako,JP,2022-07-16 19:29:16,39.6367,141.9525,69.93,97,100,4.05
346,Devgarh,IN,2022-07-16 19:29:17,25.5333,73.9,79.03,80,73,10.69
347,Kirkwall,GB,2022-07-16 19:29:17,58.9848,-2.9587,57.25,88,100,6.91
348,Vilhena,BR,2022-07-16 19:29:17,-12.7406,-60.1458,89.82,37,40,10.36
349,Port Macquarie,AU,2022-07-16 19:29:18,-31.4333,152.9167,43.9,65,81,6.06
350,Waitati,NZ,2022-07-16 19:29:18,-45.75,170.5667,40.8,69,86,5.12
351,Yenagoa,NG,2022-07-16 19:29:19,4.9247,6.2642,74.93,84,100,6.26
352,Chicama,PE,2022-07-16 19:29:19,-7.8447,-79.1469,59.54,61,18,11.14
353,Komsomolskiy,UZ,2022-07-16 19:29:19,40.4272,71.7189,81.32,32,0,4.61
354,Yankton,US,2022-07-16 19:29:20,42.8711,-97.3973,80.11,88,100,6.91
355,Kununurra,AU,2022-07-16 19:29:20,-15.7667,128.7333,49.98,87,7,2.3
356,Bentiu,SS,2022-07-16 19:29:20,9.2333,29.8333,78.85,68,98,4.9
357,Anadyr,RU,2022-07-16 19:29:21,64.75,177.4833,57.7,76,20,2.24
358,Kirakira,SB,2022-07-16 19:29:21,-10.4544,161.9205,78.67,83,26,11.12
359,Poronaysk,RU,2022-07-16 19:29:22,49.2167,143.1167,51.91,95,100,0.74
360,Goderich,CA,2022-07-16 19:29:22,43.7501,-81.7165,74.91,59,7,7.36
361,Jamai,IN,2022-07-16 19:29:22,22.2,78.5833,74.34,91,100,1.32
362,Inhambane,MZ,2022-07-16 19:29:23,-23.865,35.3833,66.6,86,7,11.45
363,Krutaya Gorka,RU,2022-07-16 19:30:23,55.3649,73.2231,65.88,86,43,7.11
364,Praia,CV,2022-07-16 19:30:24,14.9215,-23.5087,81.14,69,20,14.97
365,Stralsund,DE,2022-07-16 19:30:24,54.3091,13.0818,62.02,68,2,16.91
366,Arona,ES,2022-07-16 19:30:24,28.0996,-16.681,71.98,72,0,16.11
367,Cabo San Lucas,MX,2022-07-16 19:30:25,22.8909,-109.9124,94.6,45,20,5.99
368,Marzuq,YE,2022-07-16 19:30:25,14.4,46.4667,86.97,39,100,0.4
369,Zorgo,BF,2022-07-16 19:30:26,12.2489,-0.6158,77.94,64,97,3.62
370,Pervomayskoye,RU,2022-07-16 19:30:26,43.919,46.7102,74.37,60,0,3.71
371,Havoysund,NO,2022-07-16 19:30:26,70.9963,24.6622,52.03,98,100,14.34
372,Muros,ES,2022-07-16 19:30:27,42.7762,-9.0603,80.17,77,68,3.33
373,Jalu,LY,2022-07-16 19:30:27,29.0331,21.5482,87.48,23,0,9.35
374,Ambilobe,MG,2022-07-16 19:30:28,-13.2,49.05,66.69,82,5,4.03
375,Awjilah,LY,2022-07-16 19:30:28,29.1081,21.2869,84.88,29,0,12.84
376,Teguldet,RU,2022-07-16 19:30:28,57.3064,88.1667,50.4,78,100,2.53
377,Sawakin,SD,2022-07-16 19:30:29,19.1059,37.3321,89.22,48,40,5.3
378,Bambous Virieux,MU,2022-07-16 19:30:29,-20.3428,57.7575,71.85,73,75,11.5
379,Oksfjord,NO,2022-07-16 19:30:30,70.2396,22.3479,51.87,99,100,7.63
380,Filimonovo,RU,2022-07-16 19:30:30,56.2011,95.4611,51.84,91,100,2.57
381,Fairbanks,US,2022-07-16 19:28:55,64.8378,-147.7164,60.1,86,100,8.05
382,Chichli,IN,2022-07-16 19:30:30,22.8333,78.8167,77.49,93,99,4.41
383,Bone,DE,2022-07-16 19:30:31,51.9669,12.1396,67.24,44,44,7.99
384,Atherton,GB,2022-07-16 19:30:31,53.5237,-2.4935,73.54,66,100,7.0
385,Patiya,BD,2022-07-16 19:30:32,22.2931,91.9762,78.84,86,39,6.85
386,Sabang,ID,2022-07-16 19:30:32,5.8933,95.3214,82.29,78,98,16.96
387,Kaduqli,SD,2022-07-16 19:30:32,11.0167,29.7167,79.7,65,100,3.24
388,Vertientes,CU,2022-07-16 19:30:33,21.2594,-78.1464,92.01,49,100,3.67
389,Lastoursville,GA,2022-07-16 19:30:33,-0.8143,12.7287,81.5,55,88,4.61
390,College,US,2022-07-16 19:30:34,64.8569,-147.8028,60.08,86,75,8.05
391,Luan,CH,2022-07-16 19:30:34,46.3592,6.9759,72.23,73,9,2.66
392,Bogorodskoye,RU,2022-07-16 19:30:34,56.55,37.8833,54.61,81,93,4.72
393,Bol,TD,2022-07-16 19:30:35,13.4586,14.7147,78.85,74,99,3.38
394,Lasa,IT,2022-07-16 19:30:35,46.6166,10.7002,65.08,78,0,5.32
395,Monrovia,LR,2022-07-16 19:26:13,6.3005,-10.7969,76.77,82,100,11.88
396,Burhaniye,TR,2022-07-16 19:30:36,39.5004,26.9727,80.51,47,0,19.57
397,Adrar,MR,2022-07-16 19:30:36,20.5022,-10.0711,101.1,7,100,13.38
398,Nador,MA,2022-07-16 19:30:36,35.174,-2.9287,82.47,57,0,4.61
399,Camana,PE,2022-07-16 19:30:37,-16.6228,-72.7111,61.75,77,64,13.35
400,Businga,CD,2022-07-16 19:30:37,3.3333,20.8833,71.71,95,43,1.9
401,Rafaela,AR,2022-07-16 19:30:38,-31.2503,-61.4867,46.99,61,100,8.01
402,Road Town,VG,2022-07-16 19:30:38,18.4167,-64.6167,89.69,74,40,9.22
403,Kalia,BD,2022-07-16 19:30:38,23.0396,89.6328,82.15,84,32,9.17
404,Mahajanga,MG,2022-07-16 19:30:39,-15.7167,46.3167,75.22,60,40,6.91
405,Coquimbo,CL,2022-07-16 19:30:39,-29.9533,-71.3436,58.73,62,0,6.91
406,Hwange,ZW,2022-07-16 19:30:40,-18.3693,26.5019,60.73,37,2,6.42
407,Sinegorskiy,RU,2022-07-16 19:30:40,48.0139,40.8447,71.94,58,100,4.83
408,Byron Bay,AU,2022-07-16 19:25:57,-28.65,153.6167,49.71,85,7,8.57
409,Krasnoselkup,RU,2022-07-16 19:26:56,65.7,82.4667,53.73,87,63,11.01
410,Sunrise Manor,US,2022-07-16 19:31:41,36.2111,-115.0731,109.72,19,0,5.75
411,Treinta Y Tres,UY,2022-07-16 19:31:41,-33.2333,-54.3833,49.41,93,91,15.64
412,Tuburan,PH,2022-07-16 19:31:41,6.6439,122.2736,78.35,82,100,2.01
413,Arman,RU,2022-07-16 19:31:42,59.7,150.1667,55.02,93,96,1.77
414,Limbdi,IN,2022-07-16 19:31:42,22.5667,71.8,81.19,85,75,16.35
415,Hamilton,US,2022-07-16 19:30:20,39.1834,-84.5333,92.95,51,20,14.97
416,Puerto Maldonado,PE,2022-07-16 19:31:43,-12.6,-69.1833,90.0,58,75,6.91
417,Kroya,ID,2022-07-16 19:31:43,-7.6331,109.2461,75.31,92,42,6.91
418,Pryazha,RU,2022-07-16 19:31:44,61.6926,33.6216,58.24,86,7,5.44
419,Teguise,ES,2022-07-16 19:31:44,29.0605,-13.564,71.82,73,20,18.41
420,San Cristobal,VE,2022-07-16 19:31:44,7.7669,-72.225,78.98,44,14,5.99
421,Hassleholm,SE,2022-07-16 19:31:45,56.1591,13.7664,62.15,64,25,7.49
422,Xining,CN,2022-07-16 19:31:45,36.6167,101.7667,53.94,79,100,2.93
423,Onega,RU,2022-07-16 19:31:46,63.9061,38.1404,54.91,94,19,6.87
424,Mackenzie,CA,2022-07-16 19:31:46,55.2999,-123.1698,62.82,63,75,8.05
425,Wote,KE,2022-07-16 19:31:46,-1.7808,37.6288,61.27,82,11,6.24
426,Russell,US,2022-07-16 19:31:47,32.3502,-85.1999,91.9,51,20,0.0
427,Lagoa,PT,2022-07-16 19:31:47,39.05,-27.9833,70.29,88,0,10.4
428,Santa Rosa,PH,2022-07-16 19:31:47,14.3122,121.1114,78.78,91,100,2.37
429,Henties Bay,,2022-07-16 19:31:48,-22.116,14.2845,65.77,48,0,1.92
430,Amudat,UG,2022-07-16 19:27:16,1.95,34.95,71.22,73,96,1.74
431,Anaconda,US,2022-07-16 19:31:49,46.1285,-112.9423,85.19,17,19,7.61
432,Husavik,IS,2022-07-16 19:31:49,66.0449,-17.3389,53.17,84,100,5.55
433,Samarai,PG,2022-07-16 19:31:49,-10.6167,150.6667,79.11,82,47,16.31
434,Port Lincoln,AU,2022-07-16 19:30:24,-34.7333,135.8667,55.49,77,6,18.19
435,Pacific Grove,US,2022-07-16 19:31:50,36.6177,-121.9166,77.23,87,20,10.36
436,Argayash,RU,2022-07-16 19:31:50,55.4888,60.8767,69.49,82,3,12.01
437,Strezhevoy,RU,2022-07-16 19:31:51,60.7333,77.5889,52.41,86,72,6.15
438,Maralal,KE,2022-07-16 19:31:51,1.0968,36.698,60.26,73,80,6.62
439,Ko Samui,TH,2022-07-16 19:31:51,9.5357,99.9357,82.22,76,100,11.88
440,Mattru,SL,2022-07-16 19:31:52,7.6244,-11.8332,73.85,97,99,2.68
441,Saint-Raymond,CA,2022-07-16 19:31:52,45.467,-73.6095,86.05,42,40,16.11
442,Caravelas,BR,2022-07-16 19:31:52,-17.7125,-39.2481,73.29,79,7,5.68
443,Baherden,TM,2022-07-16 19:31:53,38.4362,57.4316,87.93,12,0,2.33
444,Bay City,US,2022-07-16 19:27:09,43.5945,-83.8889,80.92,65,100,4.61
445,Riyadh,SA,2022-07-16 19:28:34,24.6877,46.7219,95.14,9,96,11.01
446,Saint-Joseph,RE,2022-07-16 19:31:53,-21.3667,55.6167,66.58,75,15,13.96
447,Oroquieta,PH,2022-07-16 19:31:54,8.4858,123.8044,75.58,91,99,4.83
448,Pembroke,CA,2022-07-16 19:30:24,45.8168,-77.1162,81.18,46,99,3.44
449,Benguela,AO,2022-07-16 19:31:54,-12.5763,13.4055,68.34,88,0,3.89
450,Oshikango,,2022-07-16 19:31:55,-17.4,15.8833,58.95,33,0,7.9
451,Muroto,JP,2022-07-16 19:31:55,33.2833,134.15,77.38,84,51,2.44
452,Japura,ID,2022-07-16 19:31:55,-0.3167,102.35,73.94,94,14,2.13
453,Antsohihy,MG,2022-07-16 19:31:56,-14.8796,47.9875,69.96,58,41,10.25
454,Sidi Ali,DZ,2022-07-16 19:31:56,36.0998,0.4206,76.1,74,0,8.05
455,Catalina,US,2022-07-16 19:32:02,32.5056,-110.9211,102.31,33,0,7.0
456,Banyo,CM,2022-07-16 19:32:56,6.75,11.8167,65.57,96,100,1.95
457,Ilulissat,GL,2022-07-16 19:32:57,69.2167,-51.1,46.42,71,20,4.61
458,Tabou,CI,2022-07-16 19:32:57,4.423,-7.3528,75.65,84,100,9.66
459,Aksu,CN,2022-07-16 19:32:58,41.1231,80.2644,77.5,35,4,1.74
460,Havre-Saint-Pierre,CA,2022-07-16 19:32:58,50.2334,-63.5986,68.36,56,40,8.05
461,Rio Gallegos,AR,2022-07-16 19:31:39,-51.6226,-69.2181,32.05,100,100,2.3
462,Mayumba,GA,2022-07-16 19:32:58,-3.432,10.6554,70.48,91,100,6.13
463,Saint-Augustin,CA,2022-07-16 19:32:59,51.226,-58.6502,69.6,40,50,5.91
464,Fenyi,CN,2022-07-16 19:32:59,27.8112,114.6681,82.0,81,100,3.2
465,Barra,BR,2022-07-16 19:33:00,-11.0894,-43.1417,85.51,31,0,4.34
466,Evensk,RU,2022-07-16 19:33:00,61.95,159.2333,55.15,80,100,3.11
467,Garowe,SO,2022-07-16 19:33:00,8.4054,48.4845,81.07,46,22,29.53
468,Paramonga,PE,2022-07-16 19:33:01,-10.6667,-77.8333,63.59,78,44,14.25
469,Ewa Beach,US,2022-07-16 19:33:01,21.3156,-158.0072,82.44,60,75,13.8
470,Velingara,SN,2022-07-16 19:33:02,13.15,-14.1167,84.38,71,41,8.93
471,El Sauce,NI,2022-07-16 19:33:02,12.8869,-86.539,89.91,49,99,8.88
472,Grajau,BR,2022-07-16 19:33:02,-5.8194,-46.1386,93.15,32,22,2.33
473,Milkovo,RU,2022-07-16 19:33:03,54.7167,158.6167,65.7,81,26,3.22
474,Igarka,RU,2022-07-16 19:33:03,67.4667,86.5833,56.77,62,96,0.87
475,Harper,LR,2022-07-16 19:33:04,4.375,-7.7169,75.52,84,100,10.02
476,Noyabrsk,RU,2022-07-16 19:33:04,63.1994,75.4507,58.59,60,87,10.89
477,Toamasina,MG,2022-07-16 19:33:04,-18.1667,49.3833,68.0,94,75,6.91
478,Chunhuhub,MX,2022-07-16 19:33:05,19.55,-88.6833,99.1,27,49,3.78
479,Senanga,ZM,2022-07-16 19:33:05,-16.1167,23.2667,56.35,45,0,6.71
480,Shubarkuduk,KZ,2022-07-16 19:33:06,49.1447,56.4872,76.08,51,26,7.4
481,Lamu,KE,2022-07-16 19:33:06,-2.2717,40.902,75.63,83,100,17.2
482,Goure,NE,2022-07-16 19:33:06,13.9835,10.2704,84.02,45,87,9.28
483,Chor,PK,2022-07-16 19:33:07,25.5167,69.7667,86.85,73,83,12.71
484,Polunochnoye,RU,2022-07-16 19:33:07,60.8697,60.4153,63.39,96,100,1.81
485,Falmouth,GB,2022-07-16 19:33:08,50.1544,-5.0711,70.7,64,77,12.66
486,Tahta,EG,2022-07-16 19:33:08,26.7693,31.5021,83.3,29,2,12.08
487,Aykhal,RU,2022-07-16 19:33:08,66.0,111.5,50.54,97,100,15.3
488,Ulu-Telyak,RU,2022-07-16 19:33:09,54.9086,56.9669,61.03,96,0,2.3
489,Kousseri,CM,2022-07-16 19:33:09,12.0769,15.0306,76.78,78,100,1.39
490,Ourossogui,SN,2022-07-16 19:33:10,15.6064,-13.3211,99.5,30,91,14.36
491,Broken Hill,AU,2022-07-16 19:33:10,-31.95,141.4333,44.67,37,0,12.33
492,Axim,GH,2022-07-16 19:33:11,4.8699,-2.2405,75.65,83,100,9.55
493,Kuah,MY,2022-07-16 19:33:11,6.3265,99.8432,80.58,89,20,4.61
494,Suhbaatar,MN,2022-07-16 19:33:11,50.2314,106.2078,53.83,78,3,1.74
495,Surab,PK,2022-07-16 19:33:12,28.4914,66.2585,72.79,66,13,7.78
496,Bereda,ES,2022-07-16 19:30:39,43.2686,-7.5406,81.57,74,100,2.24
497,Banda Aceh,ID,2022-07-16 19:33:12,5.5577,95.3222,79.11,83,96,10.76
498,Terrace,CA,2022-07-16 19:33:13,54.5163,-128.6035,60.71,72,75,4.61
499,Palu,ID,2022-07-16 19:33:13,-0.8917,119.8707,75.61,94,100,3.53
500,Verkhnetulomskiy,RU,2022-07-16 19:33:14,68.6073,31.7962,59.13,94,93,1.83
501,Kumluca,TR,2022-07-16 19:34:14,36.3703,30.2869,84.65,43,0,4.83
502,Colac,AU,2022-07-16 19:34:14,-38.3333,143.5833,50.16,93,100,15.14
503,Gulu,UG,2022-07-16 19:34:15,2.7746,32.299,63.9,97,46,4.97
504,Abu Samrah,SY,2022-07-16 19:34:15,35.3029,37.1841,75.15,60,0,11.59
505,Ewo,CG,2022-07-16 19:34:15,-0.8725,14.8206,86.85,34,87,2.84
506,Yamoussoukro,CI,2022-07-16 19:34:15,6.8206,-5.2767,78.69,88,75,2.3
507,Guiratinga,BR,2022-07-16 19:34:16,-16.3494,-53.7583,92.95,22,63,4.88
508,Moree,AU,2022-07-16 19:34:16,-29.4667,149.85,45.73,70,1,9.13
509,Kongolo,CD,2022-07-16 19:34:16,-5.3833,27.0,80.47,37,25,3.31
510,Gat,IL,2022-07-16 19:34:17,31.61,34.7642,78.82,100,0,3.96
511,Benghazi,LY,2022-07-16 19:34:17,32.1167,20.0667,78.64,71,0,13.02
512,Ozinki,RU,2022-07-16 19:34:18,51.1786,49.6769,73.0,49,89,8.28
513,Acajutla,SV,2022-07-16 19:34:18,13.5928,-89.8275,84.67,69,100,6.38
514,Tiznit,MA,2022-07-16 19:34:19,29.5833,-9.5,79.12,52,51,2.13
515,Yining,CN,2022-07-16 19:34:19,29.0361,114.5636,81.3,82,100,2.28
516,Poya,NC,2022-07-16 19:34:19,-21.35,165.15,61.43,71,0,5.82
517,Peniche,PT,2022-07-16 19:34:20,39.3558,-9.3811,77.29,79,3,9.98
518,Kendari,ID,2022-07-16 19:34:20,-3.945,122.4989,73.74,92,100,3.11
519,Adre,TD,2022-07-16 19:34:21,13.4667,22.2,77.83,65,100,7.63
520,Muli,MV,2022-07-16 19:34:21,2.9167,73.5667,83.01,75,54,5.06
521,Kangaba,ML,2022-07-16 19:34:21,11.9333,-8.4167,75.78,89,100,4.74
522,Asosa,ET,2022-07-16 19:34:22,10.0667,34.5333,59.13,90,100,3.47
523,Srednekolymsk,RU,2022-07-16 19:34:22,67.45,153.6833,52.54,71,100,6.04
524,Kamaishi,JP,2022-07-16 19:34:22,39.2667,141.8833,71.46,98,100,2.15
525,Tarauaca,BR,2022-07-16 19:34:23,-8.1614,-70.7656,82.65,74,96,2.46
526,Sao Filipe,CV,2022-07-16 19:34:23,14.8961,-24.4956,75.76,83,20,6.51
527,Maneadero,MX,2022-07-16 19:34:24,31.7167,-116.5667,72.1,79,23,5.99
528,Sultanpur,IN,2022-07-16 19:34:24,26.2667,82.0667,93.04,46,2,13.8
529,La Ronge,CA,2022-07-16 19:34:24,55.1001,-105.2842,79.02,69,40,12.66
530,Zhengjiatun,CN,2022-07-16 19:34:25,43.5064,123.5064,64.94,94,99,5.46
531,Makakilo City,US,2022-07-16 19:34:25,21.3469,-158.0858,80.92,60,75,13.8
532,Honningsvag,NO,2022-07-16 19:34:26,70.9821,25.9704,51.55,93,100,16.11
533,Half Moon Bay,US,2022-07-16 19:34:26,37.4636,-122.4286,89.53,62,0,14.97
534,Grand Gaube,MU,2022-07-16 19:34:26,-20.0064,57.6608,72.0,70,2,7.0
535,Whitehorse,CA,2022-07-16 19:32:21,60.7161,-135.0538,63.01,58,75,12.66
536,Coos Bay,US,2022-07-16 19:34:27,43.3665,-124.2179,68.99,84,100,11.5
537,Nyurba,RU,2022-07-16 19:34:27,63.2842,118.3319,56.01,98,73,3.69
538,Caceres,ES,2022-07-16 19:34:28,39.522,-6.3748,95.23,13,1,7.87
539,Alofi,NU,2022-07-16 19:34:28,-19.0595,-169.9187,73.29,83,51,4.61
540,Omsukchan,RU,2022-07-16 19:34:28,62.5333,155.8,61.86,89,100,2.82
541,Bagula,IN,2022-07-16 19:34:29,23.3167,88.65,81.59,85,76,9.48
542,Uruzgan,AF,2022-07-16 19:34:29,32.8333,66.0,80.38,32,0,1.66
543,Quimperle,FR,2022-07-16 19:34:30,47.8667,-3.55,86.76,28,0,8.05
544,Banjarmasin,ID,2022-07-16 19:34:30,-3.3244,114.591,75.34,97,36,2.57
545,Sinnamary,GF,2022-07-16 19:34:31,5.3833,-52.95,81.34,82,31,7.78
546,Naifaru,MV,2022-07-16 19:34:31,5.4444,73.3657,81.41,78,38,6.02
547,Andra,RU,2022-07-16 19:34:31,62.5147,65.8878,57.54,62,100,7.18
548,Tarata,BO,2022-07-16 19:35:32,-17.6167,-66.0167,74.62,13,27,2.84
549,Alberton,CA,2022-07-16 19:35:32,46.8168,-64.0654,75.29,58,37,11.03
550,Groningen,NL,2022-07-16 19:35:33,53.25,6.75,61.14,70,100,6.91
551,Mount Gambier,AU,2022-07-16 19:35:33,-37.8333,140.7667,51.71,93,75,13.8
552,Alugan,PH,2022-07-16 19:35:33,12.2188,125.4808,77.5,90,100,5.03
553,Naze,JP,2022-07-16 19:35:34,28.3667,129.4833,76.12,87,100,13.71
554,Osoyoos,CA,2022-07-16 19:35:34,49.0331,-119.4524,83.16,26,0,8.05
555,Kudahuvadhoo,MV,2022-07-16 19:35:35,2.6708,72.8944,82.51,78,89,7.05
556,Lhanbryde,GB,2022-07-16 19:35:35,57.6167,-3.2167,65.08,69,75,12.66
557,Dholka,IN,2022-07-16 19:35:35,22.7167,72.4667,84.58,83,81,14.67
558,Deputatskiy,RU,2022-07-16 19:35:36,69.3,139.9,46.72,69,99,4.0
559,Valdivia,CL,2022-07-16 19:35:36,-39.8142,-73.2459,42.89,88,100,6.73
560,Taoudenni,ML,2022-07-16 19:35:37,22.6783,-3.9836,105.12,16,71,16.26
561,Moose Factory,CA,2022-07-16 19:35:37,51.2585,-80.6094,71.58,78,75,11.5
562,Kailua,US,2022-07-16 19:35:37,21.4022,-157.7394,82.38,72,75,11.5
563,Palmer,US,2022-07-16 19:34:41,42.1584,-72.3287,82.51,60,75,6.91
564,Marshall,US,2022-07-16 19:35:38,34.3834,-86.3333,95.32,45,75,5.75
565,Daru,PG,2022-07-16 19:35:38,-9.0763,143.2092,75.27,81,75,12.5
566,Bambanglipuro,ID,2022-07-16 19:35:39,-7.95,110.2833,75.51,88,86,6.69
567,Hasaki,JP,2022-07-16 19:35:24,35.7333,140.8333,73.8,92,100,18.63
568,Burdur,TR,2022-07-16 19:35:39,37.7203,30.2908,74.1,43,0,6.91
569,Samoylovka,RU,2022-07-16 19:35:39,51.184,43.7081,68.85,73,100,7.9
570,Andenes,NO,2022-07-16 19:35:40,69.3143,16.1194,50.94,87,100,12.66
571,Barahona,DO,2022-07-16 19:35:40,18.2085,-71.1008,89.42,70,20,17.27
572,Horni Plana,CZ,2022-07-16 19:35:40,48.7674,14.0326,58.01,67,34,3.06
573,Luganville,VU,2022-07-16 19:35:41,-15.5333,167.1667,76.77,87,94,17.2
574,Hongjiang,CN,2022-07-16 19:35:41,27.11,109.9956,81.66,82,100,4.92
575,Babai,IN,2022-07-16 19:35:42,22.7,77.9333,77.72,93,100,4.25
576,Gamba,GA,2022-07-16 19:35:42,-2.65,10.0,70.11,91,100,6.44
577,Qasigiannguit,GL,2022-07-16 19:35:42,68.8193,-51.1922,46.65,76,46,5.01
578,Zhigansk,RU,2022-07-16 19:35:43,66.7697,123.3711,47.19,84,100,17.87
579,San Jose,US,2022-07-16 19:32:55,37.3394,-121.895,94.69,48,0,5.75
580,Cadiz,ES,2022-07-16 19:35:43,36.5,-5.75,86.76,43,0,13.33
581,Krasnyy Yar,RU,2022-07-16 19:35:44,46.5331,48.3456,78.73,36,4,8.41
582,Kargil,IN,2022-07-16 19:35:44,34.5667,76.1,58.03,55,88,7.18
583,Gornopravdinsk,RU,2022-07-16 19:35:44,60.05,69.9,55.08,92,57,5.46
584,Mount Isa,AU,2022-07-16 19:31:12,-20.7333,139.5,40.77,87,0,0.0
585,Montepuez,MZ,2022-07-16 19:35:45,-13.1256,38.9997,68.02,63,100,10.94
586,Petropavlovsk-Kamchatskiy,RU,2022-07-16 19:31:25,53.0452,158.6483,55.99,100,100,2.24
587,Zapolyarnyy,RU,2022-07-16 19:33:16,69.4154,30.8136,52.88,94,95,4.16
588,Gnjilane,XK,2022-07-16 19:35:45,42.4604,21.4699,77.32,49,78,4.59
589,Tazovskiy,RU,2022-07-16 19:35:46,67.4667,78.7,55.94,64,100,7.76
590,Mayor Pablo Lagerenza,PY,2022-07-16 19:35:46,-19.9309,-60.7718,57.47,68,100,12.62
591,Moen,NO,2022-07-16 19:35:46,69.1304,18.6123,50.72,93,75,3.44
